molecule_id,term,role,context_any,exclude_any,zones,discovery,applies_to,case_sensitive,evidence,reviewed_on
thymosin_alpha_1,thymalfasin|thymalfasine|Zadaxin|Thymosin alpha1,specific_alias,,,,ctgov;preprints,,,"INN / brand / spelling of thymosin alpha 1: PubChem CID 16130571 lists thymalfasin, Zadaxin, Thymosin alpha1; MeSH has a thymalfasin record. Discovery is registries only: adding them to PubMed discovery (SEARCH_RULES) would add ~50 papers and is a separate decision.",2026-10-03
thymosin_alpha_1,Tα1|Talpha 1|thymosin α1|thymosin-α1,specific_alias,,,,,,,"Standard abbreviation / Greek-letter spelling of thymosin alpha 1 (identity only; PubMed has ~190 / ~260 unretrieved papers under these spellings -- a PubMed retrieval decision, not applied).",2026-10-03
thymosin_alpha_1,TA-1|TA1,contextual_alias,thymosin|thymalfasin|Zadaxin|thymic peptide|thymopoietin|prothymosin,,,,,,"Ambiguous: TA = tranexamic / tannic acid / triamcinolone, TA-1 = sample labels. 52% of PubMed records carrying TA-1 name no thymosin. Counts only next to thymosin context.",2026-10-03
thymosin_beta_4,TB4|TB-4,contextual_alias,thymosin|TMSB4X|beta-thymosin|β-thymosin|Tβ4|G-actin|RGN-259|actin-sequestering,,,,,,"Ambiguous: TB 4 = tuberculosis ('MDR TB 4%'), 75% of PubMed records carrying TB-4 are tuberculosis papers. Counts only next to thymosin / actin context.",2026-10-03
thymosin_beta_4,Tβ4|Tbeta 4|thymosin β4|thymosin-β4,specific_alias,,,,,,,"Standard abbreviation / Greek-letter spelling of thymosin beta-4 (identity only; PubMed retrieval unchanged).",2026-10-03
tb_500,TB 500,specific_alias,,,,,,,"Same compound as TB-500 / TB500 (already in SEARCH_RULES).",2026-10-03
thymopentin,Arg-Lys-Asp-Val-Tyr|RKDVY|thymopoietin 32-36|thymopoietin32-36,specific_alias,,,,,,,"The thymopentin sequence (thymopoietin residues 32-36); unambiguous.",2026-10-03
thymopentin,TP5,contextual_alias,thymopentin|thymopoietin|Arg-Lys-Asp-Val-Tyr|RKDVY|thymic pentapeptide|thymic hormone|thymopoietin 32-36,,,,,,"Ambiguous: TP5 = time point 5, tertiary pattern 5, a CDK5 peptide. Counts only next to thymopentin / thymopoietin context.",2026-10-03
melanotan_ii,MT-II|MT 2,contextual_alias,melanotan|melanocortin|MSH|MC1R|MC3R|MC4R|MC5R|alpha-MSH|α-MSH|SHU9119|SHU-9119|bremelanotide|PT-141,metallothionein|metallothioneins|metatarsal|metatarsals|metatarsophalangeal|MT-I,,,,,"Ambiguous: MT-II = metallothionein-II (approved benchmark exclude PMID 29085556), also 'metatarsal II'. Counts only next to melanocortin context and never next to metallothionein / metatarsal.",2026-10-03
melanotan_ii,Melanotan 2|Melanotan-2,specific_alias,,,,,,,"Common spelling of Melanotan II (3 PubMed papers; identity only).",2026-10-03
vip,VIP,contextual_alias,vasoactive intestinal|aviptadil|VPAC|VPAC1|VPAC2|PACAP|vasoactive intestinal polypeptide,interneuron|interneurons|variable importance|VIP score|VIP database|VIP regimen|VIP/ABVD|CNKI|Wanfang,,,,,"Ambiguous: VIP = variable importance in projection, VIP interneurons, VIP database (CNKI), VIP chemotherapy regimen, very important pharmacogene (approved benchmark excludes 35146537 / 26722533). Counts only next to vasoactive-intestinal / receptor context.",2026-10-03
vip,Aviptadil,specific_alias,,,,ctgov;preprints,,,"INN (USAN/BAN) of synthetic vasoactive intestinal peptide: PubChem CID 16132300 synonyms 'Vasoactive intestinal octacosapeptide', 'Aviptadil [USAN:INN:BAN]'; used in COVID-19 / ARDS trials. Exogenous use. Registries only.",2026-10-03
ldn,LDN,contextual_alias,naltrexone,low-density neutrophil|low density neutrophil|land degradation|donor nephrectomy|LDN-193189|LDN-57444|LDN-212854|LDN-214117|dietitian,,,,,"Ambiguous: LDN = low-density neutrophils, land degradation neutrality, laparoscopic donor nephrectomy, LDN-193189 (BMP inhibitor), Licensed Dietitian Nutritionist (approved benchmark excludes 35180395 / 37210207). Counts only next to naltrexone.",2026-10-03
nmn,NMN,contextual_alias,nicotinamide mononucleotide|NAD+|NAD(+)|NAD precursor|NAD precursors|NAD replenishment|supplementation|supplement,N1-methylnicotinamide|N-methylnicotinamide|1-methylnicotinamide|methylnicotinamide|methyl-nicotinamide|normetanephrine,,,,,"Ambiguous: NMN = N1-methylnicotinamide (a niacin metabolite), normetanephrine, NMN(H) cofactor engineering. Counts only next to NAD / mononucleotide / supplement context.",2026-10-03
kisspeptin,KP-10|Kp10,contextual_alias,kisspeptin|metastin|KISS1|KISS1R|GnRH|gonadotropin,,,,,,"Short code (KP-10 is also a bacterial strain label); counts next to kisspeptin context.",2026-10-03
mgf_igf1ec,MGF,contextual_alias,mechano growth factor|mechano-growth factor|IGF-1Ec|IGF-IEc|IGF1Ec|IGF-I Ec,,,,,,"'MGF (alone)' (MOLECULES.csv): also myeloid growth factor, mast cell growth factor.",2026-10-03
myostatin,MSTN,contextual_alias,myostatin|GDF-8|GDF8|growth differentiation factor 8,,,,,,"Gene symbol: genomics tables list MSTN as one of many genes (preprint audit: 22 'MSTN alone' records are gene lists / variant studies).",2026-10-03
ergothioneine,EGT,contextual_alias,ergothioneine,engine|exhaust gas|endosymbiotic|Extinction Gambling,,,,,"Ambiguous: EGT = exhaust gas temperature, empirical Green's tensor, endosymbiotic gene transfer, Extinction Gambling Task.",2026-10-03
glutathione,GSH,contextual_alias,glutathione,GSH-Px|gaze-signalling|Gaze-Signalling,,,,,"Ambiguous: GSH-Px = glutathione peroxidase, GSH = Gaze-Signalling Hypothesis; counts only next to glutathione.",2026-10-03
akg,AKG,contextual_alias,ketoglutarate|ketoglutaric|oxoglutarate|2-oxoglutarate,ADNP,,,,,"Ambiguous: AKG = ADNP-KDM1A-GTF2I complex; counts only next to ketoglutarate.",2026-10-03
alcar,ALCAR,contextual_alias,carnitine,,,,,,"'ALCAR alone' (MOLECULES.csv); counts next to carnitine.",2026-10-03
alcar,L-acetylcarnitine|L-acetyl-carnitine|Levacecarnine|Acetyl-carnitine,specific_alias,,,,preprints,,,"Same substance as acetyl-L-carnitine: PubChem CID 7045767 lists L-acetylcarnitine / ALCAR; INN levacecarnine. Preprint discovery only (7 preprints / 2 trials); PubMed would gain ~170 papers -- decision, not applied.",2026-10-03
alcar,Acetylcarnitine,contextual_alias,supplement|supplementation|ALCAR|treatment|administration|oral|dose|neuropath|rats|patients,,,,,,"Also names the endogenous acylcarnitine measured as a metabolic biomarker (1,200 more PubMed papers): counts only with a use context.",2026-10-03
teriparatide,PTH(1-34)|hPTH(1-34)|rhPTH(1-34)|Parathyroid hormone (1-34),specific_alias,,,,ctgov;preprints,,,"Teriparatide IS the 1-34 fragment of parathyroid hormone (FDA label; MeSH concept 'Parathyroid Hormone Peptide (1-34)' entry term PTH(1-34)). PubMed already matches it through 'PTH 1-34'.",2026-10-03
sermorelin,Geref,specific_alias,,,,ctgov;preprints,,,"Brand name of sermorelin acetate: MeSH entry term for descriptor Sermorelin; Drugs@FDA GEREF (NDA020443) active ingredient SERMORELIN ACETATE.",2026-10-03
sermorelin,GHRH(1-29)|GHRH 1-29|hGRF(1-29),specific_alias,,,,,,"Sermorelin is GHRH(1-29)-NH2. Bare GHRH is NOT an alias (it names the whole hormone / class; also tesamorelin, CJC-1295).",2026-10-03
tesamorelin,TH9507|TH-9507,specific_alias,,,,ctgov;preprints,,,"Development code for tesamorelin (Theratechnologies): PubChem CID 16137828 synonyms TH9507 / TH-9507; PubMed maps TH9507 to tesamorelin.",2026-10-03
metformin,metformina|metformine|Glucophage|Metformin-Hydrochlorid|метформин|二甲双胍|メトホルミン|메트포르민,specific_alias,,,,,,,"Foreign-language / brand spellings of metformin: PubChem CID 4091 lists metformina / metformine; Glucophage = metformin HCl (Drugs@FDA). Identity only (no discovery): CT.gov already expands these server-side.",2026-10-03
dasatinib,Sprycel,specific_alias,,,,,,,"Brand name of dasatinib (Drugs@FDA SPRYCEL / DASATINIB; PubChem). Replaces the one-off registry_keep row for NCT01464047.",2026-10-03
rapamycin,Rapamune|Fyarro,specific_alias,,,,,,,"Brand names of sirolimus (Drugs@FDA RAPAMUNE / SIROLIMUS; PubChem CID 5284616).",2026-10-03
pt_141,Vyleesi,specific_alias,,,,,,,"Brand name of bremelanotide acetate (Drugs@FDA VYLEESI).",2026-10-03
melanotan_i,Scenesse,specific_alias,,,,,,,"Brand name of afamelanotide (Drugs@FDA SCENESSE / AFAMELANOTIDE).",2026-10-03
dsip,DSIP,contextual_alias,delta sleep|sleep-inducing|sleep inducing|sleep peptide|sleep|neuropeptide|neuropeptides|enkephalin|opioid|Trp-Ala-Gly-Gly-Asp-Ala-Ser-Gly-Glu,schistosom|surfactant|ion pair|ionpair,,,,,"DSIP is the molecule's own display name but also: dye-surfactant ion pair, dialyzable schistosome incubation product. 5% of PubMed records carrying DSIP name no sleep-peptide context. Counts only next to sleep / neuropeptide context.",2026-10-03
gdf15,MIC-1|NAG-1,contextual_alias,GDF15|GDF-15|growth differentiation factor 15|macrophage inhibitory cytokine|NSAID-activated gene|GFRAL,minimum inhibitory|MIC-1 value,,,,,"MIC-1 is GDF15's original name (macrophage inhibitory cytokine 1) but also a microbiology MIC label; NAG-1 likewise. Counts only next to GDF15 context (config/registry_term_blocklist.csv already bars MIC-1 from the registry queries).",2026-10-03
ldn,low dose of naltrexone|low-dose of naltrexone,specific_alias,,,,,,,"Spelling variant of low dose naltrexone (PubMed record 2734323 'a low dose of naltrexone').",2026-10-03
ace_031,ActRIIB.Fc,specific_alias,,,,,,,"Literature spelling of the ActRIIB-Fc fusion (ACE-031 / ramatercept).",2026-10-03
ll_37,cathelicidin|cathelicidins,contextual_alias,LL-37|LL37|hCAP18|hCAP-18|human cathelicidin|human antimicrobial peptide,,,,,,"Class name: dozens of species-specific cathelicidins exist; MOLECULES.csv lists it as a synonym but the PubMed rule requires LL-37 itself. Counts only next to LL-37 / hCAP18 / human context (47 of 145 passing LL-37 preprints relied on the bare word).",2026-10-03
mazdutide,OXM analog,contextual_alias,mazdutide|IBI362|IBI-362|LY3305677,,,,,,"Class descriptor (any oxyntomodulin analogue: survodutide, pemvidutide ...); counts only next to a mazdutide name.",2026-10-03
nadh,NADH,canonical,,,,,,,"UNRESOLVED SCOPE QUESTION, kept at the pre-WS4.5 standard (the name anywhere in the stored text). A title-level + use-context restriction (NADH in the title next to supplement/oral/... ) was tried and would drop PubMed 1,189 -> 22 and preprints 857 -> 2; it is NOT applied pending a scope decision (docs/retrieval_review/ws45/NADH_REVIEW.md).",2026-10-03
angiotensin_1_7,TXA127|talfirastide,specific_alias,,,,ctgov;preprints,,,"TXA127 (INN talfirastide) IS angiotensin-(1-7): PubChem CID 123805 lists TXA127 and Ang-(1-7); CT.gov records list it as otherNames of Angiotensin-(1-7). Found as a false negative in the WS4.5 trial audit (NCT04924660).",2026-10-03
mk_677,MK0677|MK-0677,specific_alias,,,,,,,"Merck code for ibutamoren: PubChem CID 6450830 lists MK-0677 and MK-677 together; found as a false negative in the WS4.5 trial audit (NCT00074529).",2026-10-03
lixisenatide,Soliqua|Suliqua|iGlarLixi,specific_alias,,,,,,,"Fixed-ratio insulin glargine + lixisenatide products (Drugs@FDA SOLIQUA: active ingredients INSULIN GLARGINE, LIXISENATIDE); a trial of them is an exposure to lixisenatide. Found in the WS4.5 trial audit (NCT07274644). Identity only.",2026-10-03
gdf15,macrophage inhibitory cytokine 1|NSAID-activated gene 1,specific_alias,,,,,,,"Original names of GDF15 (NCBI Gene 9518 aliases/designations: MIC-1 = macrophage inhibitory cytokine 1, NAG-1 = NSAID-activated gene 1). Found when auditing records identified only by the MeSH heading Growth Differentiation Factor 15.",2026-10-03
metformin,dimethylbiguanide|dimethylbiguanid,specific_alias,,,,,,,"Chemical / older name of metformin: PubChem CID 4091 lists dimethylbiguanide. Found in the MeSH-only audit (1960s-80s papers).",2026-10-03
thymopentin,thymopoietin pentapeptide,specific_alias,,,,,,,"Descriptive name of thymopentin (TP5): PubChem CID 451417 lists thymopoietin pentapeptide.",2026-10-03
