term_id,axis,value,label,definition,parents,inclusion_rule,exclusion_rule,example,counterexample,status,version
research_area:metabolic_endocrine,research_area,metabolic_endocrine,Metabolic and endocrine,Overlapping browsing collection for metabolic and endocrine research.,,"A supported studied condition maps to this area, or a curator documents the research context.",Membership is not evidence of benefit; mechanism keywords alone do not establish a studied use.,A studied condition has this area as a parent.,Marketing claims a benefit in this area without a supporting study.,active,1.0.0
research_area:cardiovascular,research_area,cardiovascular,Cardiovascular,Overlapping browsing collection for cardiovascular research.,,"A supported studied condition maps to this area, or a curator documents the research context.",Membership is not evidence of benefit; mechanism keywords alone do not establish a studied use.,A studied condition has this area as a parent.,Marketing claims a benefit in this area without a supporting study.,active,1.0.0
research_area:liver_gastrointestinal,research_area,liver_gastrointestinal,Liver and gastrointestinal,Overlapping browsing collection for liver and gastrointestinal research.,,"A supported studied condition maps to this area, or a curator documents the research context.",Membership is not evidence of benefit; mechanism keywords alone do not establish a studied use.,A studied condition has this area as a parent.,Marketing claims a benefit in this area without a supporting study.,active,1.0.0
research_area:kidney,research_area,kidney,Kidney,Overlapping browsing collection for kidney research.,,"A supported studied condition maps to this area, or a curator documents the research context.",Membership is not evidence of benefit; mechanism keywords alone do not establish a studied use.,A studied condition has this area as a parent.,Marketing claims a benefit in this area without a supporting study.,active,1.0.0
research_area:neurological_cognitive,research_area,neurological_cognitive,Neurological and cognitive,Overlapping browsing collection for neurological and cognitive research.,,"A supported studied condition maps to this area, or a curator documents the research context.",Membership is not evidence of benefit; mechanism keywords alone do not establish a studied use.,A studied condition has this area as a parent.,Marketing claims a benefit in this area without a supporting study.,active,1.0.0
research_area:mental_health_sleep,research_area,mental_health_sleep,Mental health and sleep,Overlapping browsing collection for mental health and sleep research.,,"A supported studied condition maps to this area, or a curator documents the research context.",Membership is not evidence of benefit; mechanism keywords alone do not establish a studied use.,A studied condition has this area as a parent.,Marketing claims a benefit in this area without a supporting study.,active,1.0.0
research_area:musculoskeletal,research_area,musculoskeletal,Musculoskeletal and physical function,Overlapping browsing collection for musculoskeletal and physical function research.,,"A supported studied condition maps to this area, or a curator documents the research context.",Membership is not evidence of benefit; mechanism keywords alone do not establish a studied use.,A studied condition has this area as a parent.,Marketing claims a benefit in this area without a supporting study.,active,1.0.0
research_area:skin_repair,research_area,skin_repair,"Skin, wounds and tissue repair","Overlapping browsing collection for skin, wounds and tissue repair research.",,"A supported studied condition maps to this area, or a curator documents the research context.",Membership is not evidence of benefit; mechanism keywords alone do not establish a studied use.,A studied condition has this area as a parent.,Marketing claims a benefit in this area without a supporting study.,active,1.0.0
research_area:immune_inflammatory,research_area,immune_inflammatory,Immune and inflammatory,Overlapping browsing collection for immune and inflammatory research.,,"A supported studied condition maps to this area, or a curator documents the research context.",Membership is not evidence of benefit; mechanism keywords alone do not establish a studied use.,A studied condition has this area as a parent.,Marketing claims a benefit in this area without a supporting study.,active,1.0.0
research_area:infectious,research_area,infectious,Infectious disease,Overlapping browsing collection for infectious disease research.,,"A supported studied condition maps to this area, or a curator documents the research context.",Membership is not evidence of benefit; mechanism keywords alone do not establish a studied use.,A studied condition has this area as a parent.,Marketing claims a benefit in this area without a supporting study.,active,1.0.0
research_area:reproductive,research_area,reproductive,Reproductive and sexual health,Overlapping browsing collection for reproductive and sexual health research.,,"A supported studied condition maps to this area, or a curator documents the research context.",Membership is not evidence of benefit; mechanism keywords alone do not establish a studied use.,A studied condition has this area as a parent.,Marketing claims a benefit in this area without a supporting study.,active,1.0.0
research_area:cancer,research_area,cancer,Cancer,Overlapping browsing collection for cancer research.,,"A supported studied condition maps to this area, or a curator documents the research context.",Membership is not evidence of benefit; mechanism keywords alone do not establish a studied use.,A studied condition has this area as a parent.,Marketing claims a benefit in this area without a supporting study.,active,1.0.0
research_area:aging_longevity,research_area,aging_longevity,Aging and longevity,Overlapping browsing collection for aging and longevity research.,,"A supported studied condition maps to this area, or a curator documents the research context.",Membership is not evidence of benefit; mechanism keywords alone do not establish a studied use.,A studied condition has this area as a parent.,Marketing claims a benefit in this area without a supporting study.,active,1.0.0
condition_studied:obesity,condition_studied,obesity,Obesity,Obesity as the investigated condition or disease model.,research_area:metabolic_endocrine,"Explicit population or disease-model wording in the study title, Methods, or Results.","Background, exclusions, possible indications, or a related biomarker alone.",Treatment in patients with obesity.,Patients with obesity were excluded.,active,1.0.0
condition_studied:type_2_diabetes,condition_studied,type_2_diabetes,Type 2 diabetes,Type 2 diabetes as the investigated condition or disease model.,research_area:metabolic_endocrine,"Explicit population or disease-model wording in the study title, Methods, or Results.","Background, exclusions, possible indications, or a related biomarker alone.",Treatment in patients with type 2 diabetes.,Patients with type 2 diabetes were excluded.,active,1.0.0
condition_studied:heart_failure,condition_studied,heart_failure,Heart failure,Heart failure as the investigated condition or disease model.,research_area:cardiovascular,"Explicit population or disease-model wording in the study title, Methods, or Results.","Background, exclusions, possible indications, or a related biomarker alone.",Treatment in patients with heart failure.,Patients with heart failure were excluded.,active,1.0.0
condition_studied:hypertension,condition_studied,hypertension,Hypertension,Hypertension as the investigated condition or disease model.,research_area:cardiovascular,"Explicit population or disease-model wording in the study title, Methods, or Results.","Background, exclusions, possible indications, or a related biomarker alone.",Treatment in patients with hypertension.,Patients with hypertension were excluded.,active,1.0.0
condition_studied:chronic_kidney_disease,condition_studied,chronic_kidney_disease,Chronic kidney disease,Chronic kidney disease as the investigated condition or disease model.,research_area:kidney,"Explicit population or disease-model wording in the study title, Methods, or Results.","Background, exclusions, possible indications, or a related biomarker alone.",Treatment in patients with chronic kidney disease.,Patients with chronic kidney disease were excluded.,active,1.0.0
condition_studied:steatohepatitis,condition_studied,steatohepatitis,Steatohepatitis,Steatohepatitis as the investigated condition or disease model.,research_area:liver_gastrointestinal,"Explicit population or disease-model wording in the study title, Methods, or Results.","Background, exclusions, possible indications, or a related biomarker alone.",Treatment in patients with steatohepatitis.,Patients with steatohepatitis were excluded.,active,1.0.0
condition_studied:alzheimer_disease,condition_studied,alzheimer_disease,Alzheimer disease,Alzheimer disease as the investigated condition or disease model.,research_area:neurological_cognitive,"Explicit population or disease-model wording in the study title, Methods, or Results.","Background, exclusions, possible indications, or a related biomarker alone.",Treatment in patients with alzheimer disease.,Patients with alzheimer disease were excluded.,active,1.0.0
condition_studied:depression,condition_studied,depression,Depression,Depression as the investigated condition or disease model.,research_area:mental_health_sleep,"Explicit population or disease-model wording in the study title, Methods, or Results.","Background, exclusions, possible indications, or a related biomarker alone.",Treatment in patients with depression.,Patients with depression were excluded.,active,1.0.0
condition_studied:osteoarthritis,condition_studied,osteoarthritis,Osteoarthritis,Osteoarthritis as the investigated condition or disease model.,research_area:musculoskeletal,"Explicit population or disease-model wording in the study title, Methods, or Results.","Background, exclusions, possible indications, or a related biomarker alone.",Treatment in patients with osteoarthritis.,Patients with osteoarthritis were excluded.,active,1.0.0
condition_studied:sarcopenia,condition_studied,sarcopenia,Sarcopenia,Sarcopenia as the investigated condition or disease model.,research_area:musculoskeletal,"Explicit population or disease-model wording in the study title, Methods, or Results.","Background, exclusions, possible indications, or a related biomarker alone.",Treatment in patients with sarcopenia.,Patients with sarcopenia were excluded.,active,1.0.0
condition_studied:wound,condition_studied,wound,Wound injury,Wound injury as the investigated condition or disease model.,research_area:skin_repair,"Explicit population or disease-model wording in the study title, Methods, or Results.","Background, exclusions, possible indications, or a related biomarker alone.",Treatment in patients with wound injury.,Patients with wound injury were excluded.,active,1.0.0
condition_studied:cancer,condition_studied,cancer,Cancer,Cancer as the investigated condition or disease model.,research_area:cancer,"Explicit population or disease-model wording in the study title, Methods, or Results.","Background, exclusions, possible indications, or a related biomarker alone.",Treatment in patients with cancer.,Patients with cancer were excluded.,active,1.0.0
outcome_measured:body_weight,outcome_measured,body_weight,Body weight,Change or level of body weight; fat mass and BMI require their own measures.,,"Explicit measured, assessed, endpoint, or result language in a current-study sentence.",Background or proposed benefit; a condition term alone; no attribution to a comparison is implied.,Body weight was measured at baseline and follow-up.,Body weight was not measured.,active,1.0.0
outcome_measured:hba1c,outcome_measured,hba1c,HbA1c,Glycated hemoglobin measurement.,,"Explicit measured, assessed, endpoint, or result language in a current-study sentence.",Background or proposed benefit; a condition term alone; no attribution to a comparison is implied.,HbA1c was measured at baseline and follow-up.,HbA1c was not measured.,active,1.0.0
outcome_measured:blood_glucose,outcome_measured,blood_glucose,Blood glucose,Measured glucose concentration.,,"Explicit measured, assessed, endpoint, or result language in a current-study sentence.",Background or proposed benefit; a condition term alone; no attribution to a comparison is implied.,Blood glucose was measured at baseline and follow-up.,Blood glucose was not measured.,active,1.0.0
outcome_measured:blood_pressure,outcome_measured,blood_pressure,Blood pressure,Measured arterial pressure.,,"Explicit measured, assessed, endpoint, or result language in a current-study sentence.",Background or proposed benefit; a condition term alone; no attribution to a comparison is implied.,Blood pressure was measured at baseline and follow-up.,Blood pressure was not measured.,active,1.0.0
outcome_measured:liver_histology,outcome_measured,liver_histology,Liver histology,"Tissue-based liver histology, separate from blood biomarkers.",,"Explicit measured, assessed, endpoint, or result language in a current-study sentence.",Background or proposed benefit; a condition term alone; no attribution to a comparison is implied.,Liver histology was measured at baseline and follow-up.,Liver histology was not measured.,active,1.0.0
outcome_measured:liver_enzymes,outcome_measured,liver_enzymes,Liver enzymes,Blood liver enzyme measurement; not histology.,,"Explicit measured, assessed, endpoint, or result language in a current-study sentence.",Background or proposed benefit; a condition term alone; no attribution to a comparison is implied.,Liver enzymes was measured at baseline and follow-up.,Liver enzymes was not measured.,active,1.0.0
outcome_measured:mortality,outcome_measured,mortality,Mortality,Death outcome in the studied population or model.,,"Explicit measured, assessed, endpoint, or result language in a current-study sentence.",Background or proposed benefit; a condition term alone; no attribution to a comparison is implied.,Mortality was measured at baseline and follow-up.,Mortality was not measured.,active,1.0.0
outcome_measured:adverse_events,outcome_measured,adverse_events,Adverse events,Reported adverse-event outcome; does not assert causality or overall safety.,,"Explicit measured, assessed, endpoint, or result language in a current-study sentence.",Background or proposed benefit; a condition term alone; no attribution to a comparison is implied.,Adverse events was measured at baseline and follow-up.,Adverse events was not measured.,active,1.0.0
outcome_measured:physical_function,outcome_measured,physical_function,Physical function,Measured physical function or performance.,,"Explicit measured, assessed, endpoint, or result language in a current-study sentence.",Background or proposed benefit; a condition term alone; no attribution to a comparison is implied.,Physical function was measured at baseline and follow-up.,Physical function was not measured.,active,1.0.0
outcome_measured:cognitive_function,outcome_measured,cognitive_function,Cognitive function,Measured cognitive performance.,,"Explicit measured, assessed, endpoint, or result language in a current-study sentence.",Background or proposed benefit; a condition term alone; no attribution to a comparison is implied.,Cognitive function was measured at baseline and follow-up.,Cognitive function was not measured.,active,1.0.0
outcome_measured:pharmacokinetics,outcome_measured,pharmacokinetics,Pharmacokinetics,"Pharmacokinetic measurement with metric, matrix, and exposure context needed for findings.",,"Explicit measured, assessed, endpoint, or result language in a current-study sentence.",Background or proposed benefit; a condition term alone; no attribution to a comparison is implied.,Pharmacokinetics was measured at baseline and follow-up.,Pharmacokinetics was not measured.,active,1.0.0
experimental_system:living_human,experimental_system,living_human,Living human,An investigation involving living human participants.,,Explicit system in the title or a supported structured model field; machine assignments remain unreviewed.,Do not infer a living-human study from human-derived tissue or cells.,The study identifies its system as living human.,The introduction mentions other experimental systems.,active,1.0.0
experimental_system:animal_in_vivo,experimental_system,animal_in_vivo,Animal in vivo,An investigation involving living nonhuman animals.,,Explicit system in the title or a supported structured model field; machine assignments remain unreviewed.,Do not infer a living-human study from human-derived tissue or cells.,The study identifies its system as animal in vivo.,The introduction mentions other experimental systems.,active,1.0.0
experimental_system:ex_vivo,experimental_system,ex_vivo,Ex vivo tissue,Tissue investigated outside its organism of origin.,,Explicit system in the title or a supported structured model field; machine assignments remain unreviewed.,Do not infer a living-human study from human-derived tissue or cells.,The study identifies its system as ex vivo tissue.,The introduction mentions other experimental systems.,active,1.0.0
experimental_system:primary_cells,experimental_system,primary_cells,Primary cells,"Cells directly derived from tissue, represented separately from immortalized lines.",,Explicit system in the title or a supported structured model field; machine assignments remain unreviewed.,Do not infer a living-human study from human-derived tissue or cells.,The study identifies its system as primary cells.,The introduction mentions other experimental systems.,active,1.0.0
experimental_system:cell_line,experimental_system,cell_line,Cell line / culture,Cell-line or culture system; organism of origin is a separate species field.,,Explicit system in the title or a supported structured model field; machine assignments remain unreviewed.,Do not infer a living-human study from human-derived tissue or cells.,The study identifies its system as cell line / culture.,The introduction mentions other experimental systems.,active,1.0.0
experimental_system:organoid,experimental_system,organoid,Organoid,A three-dimensional organoid experimental model.,,Explicit system in the title or a supported structured model field; machine assignments remain unreviewed.,Do not infer a living-human study from human-derived tissue or cells.,The study identifies its system as organoid.,The introduction mentions other experimental systems.,active,1.0.0
experimental_system:cell_free,experimental_system,cell_free,Cell-free,An experimental system without intact cells.,,Explicit system in the title or a supported structured model field; machine assignments remain unreviewed.,Do not infer a living-human study from human-derived tissue or cells.,The study identifies its system as cell-free.,The introduction mentions other experimental systems.,active,1.0.0
experimental_system:in_silico,experimental_system,in_silico,In silico,A computational experimental model.,,Explicit system in the title or a supported structured model field; machine assignments remain unreviewed.,Do not infer a living-human study from human-derived tissue or cells.,The study identifies its system as in silico.,The introduction mentions other experimental systems.,active,1.0.0
experimental_system:in_vitro_unspecified,experimental_system,in_vitro_unspecified,"In vitro, unspecified",An in-vitro system with insufficient information for a narrower subtype.,,Explicit system in the title or a supported structured model field; machine assignments remain unreviewed.,Do not infer a living-human study from human-derived tissue or cells.,"The study identifies its system as in vitro, unspecified.",The introduction mentions other experimental systems.,active,1.0.0
synthesis_method:systematic_review,synthesis_method,systematic_review,Systematic review,Systematic evidence gathering; can coexist with meta-analysis.,,"Report title, publication type, or structured study type identifies this method.",Do not infer the species of included studies from the synthesis method.,A systematic review and meta-analysis receives both method labels.,An original experiment cites an earlier review.,active,1.0.0
synthesis_method:meta_analysis,synthesis_method,meta_analysis,Meta-analysis,Statistical pooling; can coexist with systematic review.,,"Report title, publication type, or structured study type identifies this method.",Do not infer the species of included studies from the synthesis method.,A systematic review and meta-analysis receives both method labels.,An original experiment cites an earlier review.,active,1.0.0
legacy_species:human,legacy_species,human,Human,Legacy topic tag: Studied in people.,,Existing FACETS.csv pattern or legacy structured tag matches.,"A topic match alone does not assert a studied condition, measured outcome, species of study, or treatment role.",The source mentions human.,Treating a background mention as an experimentally tested relationship.,legacy_topic,1.0.0
legacy_species:mouse,legacy_species,mouse,Mouse,Legacy topic tag: Studied in mice.,,Existing FACETS.csv pattern or legacy structured tag matches.,"A topic match alone does not assert a studied condition, measured outcome, species of study, or treatment role.",The source mentions mouse.,Treating a background mention as an experimentally tested relationship.,legacy_topic,1.0.0
legacy_species:rat,legacy_species,rat,Rat,Legacy topic tag: Studied in rats.,,Existing FACETS.csv pattern or legacy structured tag matches.,"A topic match alone does not assert a studied condition, measured outcome, species of study, or treatment role.",The source mentions rat.,Treating a background mention as an experimentally tested relationship.,legacy_topic,1.0.0
legacy_species:nonhuman_primate,legacy_species,nonhuman_primate,Non-human primate,Legacy topic tag: Studied in monkeys — biologically closer to humans than rodents.,,Existing FACETS.csv pattern or legacy structured tag matches.,"A topic match alone does not assert a studied condition, measured outcome, species of study, or treatment role.",The source mentions non-human primate.,Treating a background mention as an experimentally tested relationship.,legacy_topic,1.0.0
legacy_species:pig,legacy_species,pig,Pig,Legacy topic tag: Studied in pigs — sometimes used because organs resemble human ones.,,Existing FACETS.csv pattern or legacy structured tag matches.,"A topic match alone does not assert a studied condition, measured outcome, species of study, or treatment role.",The source mentions pig.,Treating a background mention as an experimentally tested relationship.,legacy_topic,1.0.0
legacy_species:dog,legacy_species,dog,Dog,Legacy topic tag: Studied in dogs.,,Existing FACETS.csv pattern or legacy structured tag matches.,"A topic match alone does not assert a studied condition, measured outcome, species of study, or treatment role.",The source mentions dog.,Treating a background mention as an experimentally tested relationship.,legacy_topic,1.0.0
legacy_species:rabbit,legacy_species,rabbit,Rabbit,Legacy topic tag: Studied in rabbits.,,Existing FACETS.csv pattern or legacy structured tag matches.,"A topic match alone does not assert a studied condition, measured outcome, species of study, or treatment role.",The source mentions rabbit.,Treating a background mention as an experimentally tested relationship.,legacy_topic,1.0.0
legacy_species:zebrafish,legacy_species,zebrafish,Zebrafish,Legacy topic tag: Studied in zebrafish — a small fish used for fast early screening.,,Existing FACETS.csv pattern or legacy structured tag matches.,"A topic match alone does not assert a studied condition, measured outcome, species of study, or treatment role.",The source mentions zebrafish.,Treating a background mention as an experimentally tested relationship.,legacy_topic,1.0.0
legacy_species:drosophila,legacy_species,drosophila,Drosophila,Legacy topic tag: Studied in fruit flies — used in basic biology and aging research.,,Existing FACETS.csv pattern or legacy structured tag matches.,"A topic match alone does not assert a studied condition, measured outcome, species of study, or treatment role.",The source mentions drosophila.,Treating a background mention as an experimentally tested relationship.,legacy_topic,1.0.0
legacy_species:c_elegans,legacy_species,c_elegans,C. elegans,Legacy topic tag: Studied in a tiny worm — used in basic biology and aging research.,,Existing FACETS.csv pattern or legacy structured tag matches.,"A topic match alone does not assert a studied condition, measured outcome, species of study, or treatment role.",The source mentions c. elegans.,Treating a background mention as an experimentally tested relationship.,legacy_topic,1.0.0
legacy_species:cell_line,legacy_species,cell_line,Cell line / in vitro,Legacy topic tag: Studied in cultured cells rather than a whole organism.,,Existing FACETS.csv pattern or legacy structured tag matches.,"A topic match alone does not assert a studied condition, measured outcome, species of study, or treatment role.",The source mentions cell line / in vitro.,Treating a background mention as an experimentally tested relationship.,legacy_topic,1.0.0
legacy_indication:obesity_weight,legacy_indication,obesity_weight,Obesity / weight,Legacy topic tag: Related to body weight overweight or obesity.,,Existing FACETS.csv pattern or legacy structured tag matches.,"A topic match alone does not assert a studied condition, measured outcome, species of study, or treatment role.",The source mentions obesity / weight.,Treating a background mention as an experimentally tested relationship.,legacy_topic,1.0.0
legacy_indication:diabetes_glycemic,legacy_indication,diabetes_glycemic,Diabetes / glycemic,Legacy topic tag: Related to diabetes or blood-sugar control.,,Existing FACETS.csv pattern or legacy structured tag matches.,"A topic match alone does not assert a studied condition, measured outcome, species of study, or treatment role.",The source mentions diabetes / glycemic.,Treating a background mention as an experimentally tested relationship.,legacy_topic,1.0.0
legacy_indication:liver_mash,legacy_indication,liver_mash,Liver / MASH,Legacy topic tag: Related to fatty liver disease.,,Existing FACETS.csv pattern or legacy structured tag matches.,"A topic match alone does not assert a studied condition, measured outcome, species of study, or treatment role.",The source mentions liver / mash.,Treating a background mention as an experimentally tested relationship.,legacy_topic,1.0.0
legacy_indication:cardiovascular,legacy_indication,cardiovascular,Cardiovascular,Legacy topic tag: Related to the heart blood vessels or blood pressure.,,Existing FACETS.csv pattern or legacy structured tag matches.,"A topic match alone does not assert a studied condition, measured outcome, species of study, or treatment role.",The source mentions cardiovascular.,Treating a background mention as an experimentally tested relationship.,legacy_topic,1.0.0
legacy_indication:kidney,legacy_indication,kidney,Kidney / renal,Legacy topic tag: Related to kidney function or disease.,,Existing FACETS.csv pattern or legacy structured tag matches.,"A topic match alone does not assert a studied condition, measured outcome, species of study, or treatment role.",The source mentions kidney / renal.,Treating a background mention as an experimentally tested relationship.,legacy_topic,1.0.0
legacy_indication:neurocognitive,legacy_indication,neurocognitive,Neuro / cognitive,Legacy topic tag: Related to memory cognition or mood (e.g. anxiety depression Alzheimer's).,,Existing FACETS.csv pattern or legacy structured tag matches.,"A topic match alone does not assert a studied condition, measured outcome, species of study, or treatment role.",The source mentions neuro / cognitive.,Treating a background mention as an experimentally tested relationship.,legacy_topic,1.0.0
legacy_indication:oncology,legacy_indication,oncology,Oncology,Legacy topic tag: Related to cancer or tumors.,,Existing FACETS.csv pattern or legacy structured tag matches.,"A topic match alone does not assert a studied condition, measured outcome, species of study, or treatment role.",The source mentions oncology.,Treating a background mention as an experimentally tested relationship.,legacy_topic,1.0.0
legacy_indication:musculoskeletal,legacy_indication,musculoskeletal,Musculoskeletal,Legacy topic tag: Related to muscle bone joints or tendons.,,Existing FACETS.csv pattern or legacy structured tag matches.,"A topic match alone does not assert a studied condition, measured outcome, species of study, or treatment role.",The source mentions musculoskeletal.,Treating a background mention as an experimentally tested relationship.,legacy_topic,1.0.0
legacy_indication:inflammation_autoimmune,legacy_indication,inflammation_autoimmune,Inflammation / autoimmune,Legacy topic tag: Related to inflammation or immune-system disorders.,,Existing FACETS.csv pattern or legacy structured tag matches.,"A topic match alone does not assert a studied condition, measured outcome, species of study, or treatment role.",The source mentions inflammation / autoimmune.,Treating a background mention as an experimentally tested relationship.,legacy_topic,1.0.0
legacy_indication:reproductive,legacy_indication,reproductive,Reproductive,Legacy topic tag: Related to fertility hormones or reproductive health.,,Existing FACETS.csv pattern or legacy structured tag matches.,"A topic match alone does not assert a studied condition, measured outcome, species of study, or treatment role.",The source mentions reproductive.,Treating a background mention as an experimentally tested relationship.,legacy_topic,1.0.0
legacy_indication:injury_repair,legacy_indication,injury_repair,Injury / repair,Legacy topic tag: Related to wounds injury or tissue repair.,,Existing FACETS.csv pattern or legacy structured tag matches.,"A topic match alone does not assert a studied condition, measured outcome, species of study, or treatment role.",The source mentions injury / repair.,Treating a background mention as an experimentally tested relationship.,legacy_topic,1.0.0
legacy_indication:infectious_immunity,legacy_indication,infectious_immunity,Infectious / immunity,Legacy topic tag: Related to infections or the immune response.,,Existing FACETS.csv pattern or legacy structured tag matches.,"A topic match alone does not assert a studied condition, measured outcome, species of study, or treatment role.",The source mentions infectious / immunity.,Treating a background mention as an experimentally tested relationship.,legacy_topic,1.0.0
legacy_indication:aging_longevity,legacy_indication,aging_longevity,Aging / longevity,Legacy topic tag: Related to aging lifespan or healthspan.,,Existing FACETS.csv pattern or legacy structured tag matches.,"A topic match alone does not assert a studied condition, measured outcome, species of study, or treatment role.",The source mentions aging / longevity.,Treating a background mention as an experimentally tested relationship.,legacy_topic,1.0.0
legacy_endpoint:body_weight,legacy_endpoint,body_weight,Body weight,Legacy topic tag: Change in weight BMI or body fat.,,Existing FACETS.csv pattern or legacy structured tag matches.,"A topic match alone does not assert a studied condition, measured outcome, species of study, or treatment role.",The source mentions body weight.,Treating a background mention as an experimentally tested relationship.,legacy_topic,1.0.0
legacy_endpoint:glycemic_control,legacy_endpoint,glycemic_control,Glycemic control,Legacy topic tag: Measures of blood sugar such as HbA1c or fasting glucose.,,Existing FACETS.csv pattern or legacy structured tag matches.,"A topic match alone does not assert a studied condition, measured outcome, species of study, or treatment role.",The source mentions glycemic control.,Treating a background mention as an experimentally tested relationship.,legacy_topic,1.0.0
legacy_endpoint:lipids,legacy_endpoint,lipids,Lipids / metabolic,Legacy topic tag: Blood fats such as cholesterol and triglycerides.,,Existing FACETS.csv pattern or legacy structured tag matches.,"A topic match alone does not assert a studied condition, measured outcome, species of study, or treatment role.",The source mentions lipids / metabolic.,Treating a background mention as an experimentally tested relationship.,legacy_topic,1.0.0
legacy_endpoint:liver_histology,legacy_endpoint,liver_histology,Liver histology,Legacy topic tag: Liver enzymes fat or scarring seen on tests or biopsy.,,Existing FACETS.csv pattern or legacy structured tag matches.,"A topic match alone does not assert a studied condition, measured outcome, species of study, or treatment role.",The source mentions liver histology.,Treating a background mention as an experimentally tested relationship.,legacy_topic,1.0.0
legacy_endpoint:blood_pressure,legacy_endpoint,blood_pressure,Blood pressure,Legacy topic tag: Systolic and diastolic blood-pressure readings.,,Existing FACETS.csv pattern or legacy structured tag matches.,"A topic match alone does not assert a studied condition, measured outcome, species of study, or treatment role.",The source mentions blood pressure.,Treating a background mention as an experimentally tested relationship.,legacy_topic,1.0.0
legacy_endpoint:inflammation_markers,legacy_endpoint,inflammation_markers,Inflammation markers,Legacy topic tag: Blood signals of inflammation such as CRP or IL-6.,,Existing FACETS.csv pattern or legacy structured tag matches.,"A topic match alone does not assert a studied condition, measured outcome, species of study, or treatment role.",The source mentions inflammation markers.,Treating a background mention as an experimentally tested relationship.,legacy_topic,1.0.0
legacy_endpoint:oxidative_stress,legacy_endpoint,oxidative_stress,Oxidative stress,Legacy topic tag: Markers of cell damage from reactive molecules (and antioxidant defenses).,,Existing FACETS.csv pattern or legacy structured tag matches.,"A topic match alone does not assert a studied condition, measured outcome, species of study, or treatment role.",The source mentions oxidative stress.,Treating a background mention as an experimentally tested relationship.,legacy_topic,1.0.0
legacy_endpoint:mitochondrial_function,legacy_endpoint,mitochondrial_function,Mitochondrial function,Legacy topic tag: How well cells' energy-producing mitochondria are working.,,Existing FACETS.csv pattern or legacy structured tag matches.,"A topic match alone does not assert a studied condition, measured outcome, species of study, or treatment role.",The source mentions mitochondrial function.,Treating a background mention as an experimentally tested relationship.,legacy_topic,1.0.0
legacy_endpoint:safety_tolerability,legacy_endpoint,safety_tolerability,Safety / tolerability,Legacy topic tag: Adverse events tolerability and how well the treatment was tolerated.,,Existing FACETS.csv pattern or legacy structured tag matches.,"A topic match alone does not assert a studied condition, measured outcome, species of study, or treatment role.",The source mentions safety / tolerability.,Treating a background mention as an experimentally tested relationship.,legacy_topic,1.0.0
legacy_endpoint:pharmacokinetics,legacy_endpoint,pharmacokinetics,Pharmacokinetics,Legacy topic tag: How the body absorbs and clears the drug (blood levels half-life).,,Existing FACETS.csv pattern or legacy structured tag matches.,"A topic match alone does not assert a studied condition, measured outcome, species of study, or treatment role.",The source mentions pharmacokinetics.,Treating a background mention as an experimentally tested relationship.,legacy_topic,1.0.0
legacy_endpoint:mortality_survival,legacy_endpoint,mortality_survival,Mortality / survival,Legacy topic tag: Death rates or how long participants survived.,,Existing FACETS.csv pattern or legacy structured tag matches.,"A topic match alone does not assert a studied condition, measured outcome, species of study, or treatment role.",The source mentions mortality / survival.,Treating a background mention as an experimentally tested relationship.,legacy_topic,1.0.0
legacy_endpoint:muscle_performance,legacy_endpoint,muscle_performance,Muscle / performance,Legacy topic tag: Muscle mass strength or physical performance.,,Existing FACETS.csv pattern or legacy structured tag matches.,"A topic match alone does not assert a studied condition, measured outcome, species of study, or treatment role.",The source mentions muscle / performance.,Treating a background mention as an experimentally tested relationship.,legacy_topic,1.0.0
legacy_mechanism:incretin_receptor,legacy_mechanism,incretin_receptor,Incretin receptor,Legacy topic tag: Incretin receptor.,,Existing FACETS.csv pattern or legacy structured tag matches.,"A topic match alone does not assert a studied condition, measured outcome, species of study, or treatment role.",The source mentions incretin receptor.,Treating a background mention as an experimentally tested relationship.,legacy_topic,1.0.0
legacy_mechanism:nad_metabolism,legacy_mechanism,nad_metabolism,NAD metabolism,Legacy topic tag: NAD metabolism.,,Existing FACETS.csv pattern or legacy structured tag matches.,"A topic match alone does not assert a studied condition, measured outcome, species of study, or treatment role.",The source mentions nad metabolism.,Treating a background mention as an experimentally tested relationship.,legacy_topic,1.0.0
legacy_mechanism:mtor_autophagy,legacy_mechanism,mtor_autophagy,mTOR / autophagy,Legacy topic tag: mTOR / autophagy.,,Existing FACETS.csv pattern or legacy structured tag matches.,"A topic match alone does not assert a studied condition, measured outcome, species of study, or treatment role.",The source mentions mtor / autophagy.,Treating a background mention as an experimentally tested relationship.,legacy_topic,1.0.0
legacy_mechanism:redox_antioxidant,legacy_mechanism,redox_antioxidant,Redox / antioxidant,Legacy topic tag: Redox / antioxidant.,,Existing FACETS.csv pattern or legacy structured tag matches.,"A topic match alone does not assert a studied condition, measured outcome, species of study, or treatment role.",The source mentions redox / antioxidant.,Treating a background mention as an experimentally tested relationship.,legacy_topic,1.0.0
legacy_mechanism:mitochondrial,legacy_mechanism,mitochondrial,Mitochondrial,Legacy topic tag: Mitochondrial.,,Existing FACETS.csv pattern or legacy structured tag matches.,"A topic match alone does not assert a studied condition, measured outcome, species of study, or treatment role.",The source mentions mitochondrial.,Treating a background mention as an experimentally tested relationship.,legacy_topic,1.0.0
legacy_mechanism:inflammation,legacy_mechanism,inflammation,Inflammation signaling,Legacy topic tag: Inflammation signaling.,,Existing FACETS.csv pattern or legacy structured tag matches.,"A topic match alone does not assert a studied condition, measured outcome, species of study, or treatment role.",The source mentions inflammation signaling.,Treating a background mention as an experimentally tested relationship.,legacy_topic,1.0.0
legacy_mechanism:senescence,legacy_mechanism,senescence,Senescence,Legacy topic tag: Senescence.,,Existing FACETS.csv pattern or legacy structured tag matches.,"A topic match alone does not assert a studied condition, measured outcome, species of study, or treatment role.",The source mentions senescence.,Treating a background mention as an experimentally tested relationship.,legacy_topic,1.0.0
legacy_mechanism:ampk_metabolic,legacy_mechanism,ampk_metabolic,AMPK / metabolic,Legacy topic tag: AMPK / metabolic.,,Existing FACETS.csv pattern or legacy structured tag matches.,"A topic match alone does not assert a studied condition, measured outcome, species of study, or treatment role.",The source mentions ampk / metabolic.,Treating a background mention as an experimentally tested relationship.,legacy_topic,1.0.0
legacy_mechanism:receptor_signaling,legacy_mechanism,receptor_signaling,Receptor signaling,Legacy topic tag: Receptor signaling.,,Existing FACETS.csv pattern or legacy structured tag matches.,"A topic match alone does not assert a studied condition, measured outcome, species of study, or treatment role.",The source mentions receptor signaling.,Treating a background mention as an experimentally tested relationship.,legacy_topic,1.0.0
legacy_route:oral,legacy_route,oral,Oral,Legacy topic tag: Taken by mouth (a pill capsule or liquid that is swallowed).,,Existing FACETS.csv pattern or legacy structured tag matches.,"A topic match alone does not assert a studied condition, measured outcome, species of study, or treatment role.",The source mentions oral.,Treating a background mention as an experimentally tested relationship.,legacy_topic,1.0.0
legacy_route:subcutaneous,legacy_route,subcutaneous,Subcutaneous,Legacy topic tag: Injected into the fatty layer just under the skin (like most insulin pens).,,Existing FACETS.csv pattern or legacy structured tag matches.,"A topic match alone does not assert a studied condition, measured outcome, species of study, or treatment role.",The source mentions subcutaneous.,Treating a background mention as an experimentally tested relationship.,legacy_topic,1.0.0
legacy_route:intravenous,legacy_route,intravenous,Intravenous,Legacy topic tag: Delivered straight into a vein through a drip or line so it enters the bloodstream immediately.,,Existing FACETS.csv pattern or legacy structured tag matches.,"A topic match alone does not assert a studied condition, measured outcome, species of study, or treatment role.",The source mentions intravenous.,Treating a background mention as an experimentally tested relationship.,legacy_topic,1.0.0
legacy_route:intraperitoneal,legacy_route,intraperitoneal,Intraperitoneal,Legacy topic tag: Injected into the belly cavity around the organs — a lab method used mainly in animal studies.,,Existing FACETS.csv pattern or legacy structured tag matches.,"A topic match alone does not assert a studied condition, measured outcome, species of study, or treatment role.",The source mentions intraperitoneal.,Treating a background mention as an experimentally tested relationship.,legacy_topic,1.0.0
legacy_route:topical,legacy_route,topical,Topical,Legacy topic tag: Applied to the surface of the skin (a cream gel or patch).,,Existing FACETS.csv pattern or legacy structured tag matches.,"A topic match alone does not assert a studied condition, measured outcome, species of study, or treatment role.",The source mentions topical.,Treating a background mention as an experimentally tested relationship.,legacy_topic,1.0.0
legacy_route:inhaled,legacy_route,inhaled,Inhaled,Legacy topic tag: Breathed in as a spray or mist so it reaches the lungs.,,Existing FACETS.csv pattern or legacy structured tag matches.,"A topic match alone does not assert a studied condition, measured outcome, species of study, or treatment role.",The source mentions inhaled.,Treating a background mention as an experimentally tested relationship.,legacy_topic,1.0.0
legacy_drug_class:glp1_agonist,legacy_drug_class,glp1_agonist,GLP-1 agonist,Legacy topic tag: Mimics the gut hormone GLP-1 to curb appetite and improve blood sugar (e.g. semaglutide).,,Existing FACETS.csv pattern or legacy structured tag matches.,"A topic match alone does not assert a studied condition, measured outcome, species of study, or treatment role.",The source mentions glp-1 agonist.,Treating a background mention as an experimentally tested relationship.,legacy_topic,1.0.0
legacy_drug_class:gip_agonist,legacy_drug_class,gip_agonist,GIP agonist,Legacy topic tag: Acts on the GIP hormone pathway — often combined with GLP-1 for weight and glucose.,,Existing FACETS.csv pattern or legacy structured tag matches.,"A topic match alone does not assert a studied condition, measured outcome, species of study, or treatment role.",The source mentions gip agonist.,Treating a background mention as an experimentally tested relationship.,legacy_topic,1.0.0
legacy_drug_class:glucagon_agonist,legacy_drug_class,glucagon_agonist,Glucagon agonist,Legacy topic tag: Acts on the glucagon pathway to raise energy expenditure — part of some triple agonists.,,Existing FACETS.csv pattern or legacy structured tag matches.,"A topic match alone does not assert a studied condition, measured outcome, species of study, or treatment role.",The source mentions glucagon agonist.,Treating a background mention as an experimentally tested relationship.,legacy_topic,1.0.0
legacy_drug_class:amylin_analog,legacy_drug_class,amylin_analog,Amylin analog,Legacy topic tag: Mimics the hormone amylin to increase fullness and slow stomach emptying.,,Existing FACETS.csv pattern or legacy structured tag matches.,"A topic match alone does not assert a studied condition, measured outcome, species of study, or treatment role.",The source mentions amylin analog.,Treating a background mention as an experimentally tested relationship.,legacy_topic,1.0.0
legacy_drug_class:sglt2_inhibitor,legacy_drug_class,sglt2_inhibitor,SGLT2 inhibitor,Legacy topic tag: Makes the kidneys flush out excess sugar — used for diabetes and heart/kidney protection.,,Existing FACETS.csv pattern or legacy structured tag matches.,"A topic match alone does not assert a studied condition, measured outcome, species of study, or treatment role.",The source mentions sglt2 inhibitor.,Treating a background mention as an experimentally tested relationship.,legacy_topic,1.0.0
legacy_drug_class:mito_err_agonist,legacy_drug_class,mito_err_agonist,Mitochondrial / ERR agonist,Legacy topic tag: Targets cellular energy pathways (mitochondria / ERR receptors).,,Existing FACETS.csv pattern or legacy structured tag matches.,"A topic match alone does not assert a studied condition, measured outcome, species of study, or treatment role.",The source mentions mitochondrial / err agonist.,Treating a background mention as an experimentally tested relationship.,legacy_topic,1.0.0
legacy_drug_class:nad_precursor,legacy_drug_class,nad_precursor,NAD precursor,Legacy topic tag: A building block the body turns into NAD+ a molecule central to cell energy and aging research.,,Existing FACETS.csv pattern or legacy structured tag matches.,"A topic match alone does not assert a studied condition, measured outcome, species of study, or treatment role.",The source mentions nad precursor.,Treating a background mention as an experimentally tested relationship.,legacy_topic,1.0.0
legacy_drug_class:senolytic,legacy_drug_class,senolytic,Senolytic,Legacy topic tag: Aims to clear worn-out ('senescent') cells thought to drive aging.,,Existing FACETS.csv pattern or legacy structured tag matches.,"A topic match alone does not assert a studied condition, measured outcome, species of study, or treatment role.",The source mentions senolytic.,Treating a background mention as an experimentally tested relationship.,legacy_topic,1.0.0
legacy_drug_class:peptide_hormone,legacy_drug_class,peptide_hormone,Peptide hormone,Legacy topic tag: A small protein-like molecule that acts as a signaling hormone.,,Existing FACETS.csv pattern or legacy structured tag matches.,"A topic match alone does not assert a studied condition, measured outcome, species of study, or treatment role.",The source mentions peptide hormone.,Treating a background mention as an experimentally tested relationship.,legacy_topic,1.0.0
legacy_drug_class:mtor_inhibitor,legacy_drug_class,mtor_inhibitor,mTOR inhibitor,Legacy topic tag: Dials down the mTOR growth pathway — studied for aging and metabolism.,,Existing FACETS.csv pattern or legacy structured tag matches.,"A topic match alone does not assert a studied condition, measured outcome, species of study, or treatment role.",The source mentions mtor inhibitor.,Treating a background mention as an experimentally tested relationship.,legacy_topic,1.0.0
legacy_drug_class:myostatin_inhibitor,legacy_drug_class,myostatin_inhibitor,Myostatin inhibitor,Legacy topic tag: Blocks myostatin a brake on muscle growth — studied for muscle wasting.,,Existing FACETS.csv pattern or legacy structured tag matches.,"A topic match alone does not assert a studied condition, measured outcome, species of study, or treatment role.",The source mentions myostatin inhibitor.,Treating a background mention as an experimentally tested relationship.,legacy_topic,1.0.0
legacy_population:older_adults,legacy_population,older_adults,Older adults,Legacy topic tag: Focused on older or elderly participants.,,Existing FACETS.csv pattern or legacy structured tag matches.,"A topic match alone does not assert a studied condition, measured outcome, species of study, or treatment role.",The source mentions older adults.,Treating a background mention as an experimentally tested relationship.,legacy_topic,1.0.0
legacy_population:pediatric,legacy_population,pediatric,Pediatric,Legacy topic tag: Focused on infants children or adolescents.,,Existing FACETS.csv pattern or legacy structured tag matches.,"A topic match alone does not assert a studied condition, measured outcome, species of study, or treatment role.",The source mentions pediatric.,Treating a background mention as an experimentally tested relationship.,legacy_topic,1.0.0
legacy_population:women_pregnancy,legacy_population,women_pregnancy,Women / pregnancy,Legacy topic tag: Focused on women or pregnancy-related settings.,,Existing FACETS.csv pattern or legacy structured tag matches.,"A topic match alone does not assert a studied condition, measured outcome, species of study, or treatment role.",The source mentions women / pregnancy.,Treating a background mention as an experimentally tested relationship.,legacy_topic,1.0.0
legacy_population:male,legacy_population,male,Male participants,Legacy topic tag: Focused on male participants.,,Existing FACETS.csv pattern or legacy structured tag matches.,"A topic match alone does not assert a studied condition, measured outcome, species of study, or treatment role.",The source mentions male participants.,Treating a background mention as an experimentally tested relationship.,legacy_topic,1.0.0
legacy_population:comorbid_metabolic,legacy_population,comorbid_metabolic,Metabolic comorbidity,Legacy topic tag: Participants who also had conditions like obesity or type 2 diabetes.,,Existing FACETS.csv pattern or legacy structured tag matches.,"A topic match alone does not assert a studied condition, measured outcome, species of study, or treatment role.",The source mentions metabolic comorbidity.,Treating a background mention as an experimentally tested relationship.,legacy_topic,1.0.0
legacy_population:comorbid_cardiorenal,legacy_population,comorbid_cardiorenal,Cardiorenal comorbidity,Legacy topic tag: Participants who also had heart or kidney disease.,,Existing FACETS.csv pattern or legacy structured tag matches.,"A topic match alone does not assert a studied condition, measured outcome, species of study, or treatment role.",The source mentions cardiorenal comorbidity.,Treating a background mention as an experimentally tested relationship.,legacy_topic,1.0.0
legacy_sex:female,legacy_sex,female,Female,Legacy topic tag: The study included or focused on female subjects.,,Existing FACETS.csv pattern or legacy structured tag matches.,"A topic match alone does not assert a studied condition, measured outcome, species of study, or treatment role.",The source mentions female.,Treating a background mention as an experimentally tested relationship.,legacy_topic,1.0.0
legacy_sex:male,legacy_sex,male,Male,Legacy topic tag: The study included or focused on male subjects.,,Existing FACETS.csv pattern or legacy structured tag matches.,"A topic match alone does not assert a studied condition, measured outcome, species of study, or treatment role.",The source mentions male.,Treating a background mention as an experimentally tested relationship.,legacy_topic,1.0.0
legacy_sex:both_sexes,legacy_sex,both_sexes,Both sexes,Legacy topic tag: The study included both male and female subjects.,,Existing FACETS.csv pattern or legacy structured tag matches.,"A topic match alone does not assert a studied condition, measured outcome, species of study, or treatment role.",The source mentions both sexes.,Treating a background mention as an experimentally tested relationship.,legacy_topic,1.0.0
legacy_formulation:oral_peptide,legacy_formulation,oral_peptide,Oral peptide,Legacy topic tag: A peptide drug engineered to survive digestion so it can be taken as a pill.,,Existing FACETS.csv pattern or legacy structured tag matches.,"A topic match alone does not assert a studied condition, measured outcome, species of study, or treatment role.",The source mentions oral peptide.,Treating a background mention as an experimentally tested relationship.,legacy_topic,1.0.0
legacy_formulation:long_acting,legacy_formulation,long_acting,Long-acting / weekly,Legacy topic tag: Designed to last long enough for weekly (or less frequent) dosing.,,Existing FACETS.csv pattern or legacy structured tag matches.,"A topic match alone does not assert a studied condition, measured outcome, species of study, or treatment role.",The source mentions long-acting / weekly.,Treating a background mention as an experimentally tested relationship.,legacy_topic,1.0.0
legacy_formulation:nanoparticle,legacy_formulation,nanoparticle,Nanoparticle / delivery,Legacy topic tag: Uses tiny engineered particles to carry the drug to where it is needed.,,Existing FACETS.csv pattern or legacy structured tag matches.,"A topic match alone does not assert a studied condition, measured outcome, species of study, or treatment role.",The source mentions nanoparticle / delivery.,Treating a background mention as an experimentally tested relationship.,legacy_topic,1.0.0
legacy_evidence_direction:positive,legacy_evidence_direction,positive,Positive / beneficial,Legacy topic tag: The study reported a beneficial effect.,,Existing FACETS.csv pattern or legacy structured tag matches.,"A topic match alone does not assert a studied condition, measured outcome, species of study, or treatment role.",The source mentions positive / beneficial.,Treating a background mention as an experimentally tested relationship.,legacy_topic,1.0.0
legacy_evidence_direction:null,legacy_evidence_direction,null,Null / no effect,Legacy topic tag: The study found no meaningful effect.,,Existing FACETS.csv pattern or legacy structured tag matches.,"A topic match alone does not assert a studied condition, measured outcome, species of study, or treatment role.",The source mentions null / no effect.,Treating a background mention as an experimentally tested relationship.,legacy_topic,1.0.0
legacy_evidence_direction:mixed,legacy_evidence_direction,mixed,Mixed,Legacy topic tag: Results were mixed — beneficial on some measures not others.,,Existing FACETS.csv pattern or legacy structured tag matches.,"A topic match alone does not assert a studied condition, measured outcome, species of study, or treatment role.",The source mentions mixed.,Treating a background mention as an experimentally tested relationship.,legacy_topic,1.0.0
legacy_evidence_direction:adverse,legacy_evidence_direction,adverse,Adverse / harmful,Legacy topic tag: The study reported a harmful or negative effect.,,Existing FACETS.csv pattern or legacy structured tag matches.,"A topic match alone does not assert a studied condition, measured outcome, species of study, or treatment role.",The source mentions adverse / harmful.,Treating a background mention as an experimentally tested relationship.,legacy_topic,1.0.0
