molecule_id,id_type,id,expected,reason,status,reviewed_by,reviewed_on
retatrutide,pmid,40042613,include,GLP-1 receptor agonist psychiatric review discussing retatrutide by name (tiab match on strict rule),approved,human_review,2026-09-27
retatrutide,pmid,38681750,include,NAFLD/MASLD pharmacological treatment review discussing retatrutide by name,approved,human_review,2026-09-27
retatrutide,nct_id,NCT05931367,include,"Registered Lilly trial ""A Study of Retatrutide (LY3437943) Once Weekly...Obesity"" -- unambiguous intervention match",approved,human_review,2026-09-27
bpc_157,pmid,40005999,include,"BPC 157 peptide literature and patent review, unambiguous",approved,human_review,2026-09-27
bpc_157,pmid,40756949,include,"BPC-157 orthopaedic sports medicine systematic review, unambiguous",approved,human_review,2026-09-27
bpc_157,nct_id,NCT07803250,include,"""Impact of BPC-157 on Recovery Following Rotator Cuff Repair Surgery"" -- unambiguous intervention match",approved,human_review,2026-09-27
tb_500,pmid,41359360,include,"TB500 peptide hydrogel for corneal injury repair, unambiguous",approved,human_review,2026-09-27
thymosin_beta_4,pmid,37018981,include,"Thymosin beta 4 as adjunct treatment for bacterial keratitis, unambiguous",approved,human_review,2026-09-27
thymosin_beta_4,pmid,38824027,include,"Therapeutic potential of thymosin beta 4 review, unambiguous",approved,human_review,2026-09-27
ghk_cu,pmid,39451062,include,"GHK-Cu antiaging cosmetic component analytical chemistry paper, unambiguous",approved,human_review,2026-09-27
dsip,pmid,11437870,include,"""Delta sleep-inducing peptide"" review, unambiguous",approved,human_review,2026-09-27
dsip,pmid,16539679,include,"DSIP ""a still unresolved riddle"" review, unambiguous",approved,human_review,2026-09-27
mots_c,pmid,31378979,include,"MOTS-c mitochondrial-encoded regulator of the nucleus review, unambiguous",approved,human_review,2026-09-27
mots_c,nct_id,NCT07505745,include,"""MOTS-c for Improving Insulin Sensitivity in Adults With Prediabetes and Overweight/Obesity"" -- unambiguous intervention match",approved,human_review,2026-09-27
mots_c,nct_id,NCT06133946,exclude,"CONFIRMED false-positive risk: CT.gov query.term=MOTS-c AND query.intr=MOTS-c both return this ""Cohort Of DEafness-gene Screening"" study, but the full study record (protocolSection) contains no occurrence of ""MOTS"" anywhere -- an apparent tokenization/fuzzy-match artifact in CT.gov's search, not a real MOTS-c mention. Reproduced live 2026-09-27; see docs/retrieval_benchmark_review.md.",approved,human_review,2026-09-27
mots_c,nct_id,NCT06500975,exclude,"CONFIRMED false-positive risk under the production query.term=MOTS-c: ""Long Term Outcomes After Vestibular Implantation"" has zero occurrences of ""MOTS"" anywhere in the full study record. Correction (independent review, 2026-09-27): this one is REMOVED by query.intr=MOTS-c (it is NOT in that field's result set) -- unlike NCT06133946, it does not persist under both fields. Current evidence is too limited to justify switching CT.gov query semantics on this alone (query.intr also loses genuine biomarker/outcome studies -- see docs/retrieval_benchmark_review.md); query.term stays the production default, so this row is still excluded against it.",approved,human_review,2026-09-27
melanotan_ii,pmid,31953620,include,"Melanotan II renal infarction case report, unambiguous",approved,human_review,2026-09-27
melanotan_ii,pmid,37478579,include,"Melanotan-II reverses memory impairment (HF diet) paper, unambiguous",approved,human_review,2026-09-27
melanotan_ii,pmid,29085556,exclude,"CONFIRMED ambiguity: ""Metallothionein in Brain Disorders"" matches the strict rule's ""MT-II""[tiab] term because MT-II is standard shorthand for Metallothionein-II (an unrelated protein), not Melanotan II. Verified live 2026-09-27.",approved,human_review,2026-09-27
selank,pmid,36322304,include,"Selank (tuftsin analog) attenuates morphine withdrawal, unambiguous",approved,human_review,2026-09-27
selank,pmid,32342318,include,Functional connectomic study of Selank and Semax effects -- legitimately both molecules,approved,human_review,2026-09-27
semax,pmid,32342318,include,Functional connectomic study of Selank and Semax effects -- legitimately both molecules,approved,human_review,2026-09-27
vip,pmid,23094826,include,"Editorial on vasoactive intestinal peptide (VIP) historic perspective, unambiguous",approved,human_review,2026-09-27
vip,pmid,35146537,exclude,"CONFIRMED ambiguity: ""VIP"" here means PharmGKB's ""Very Important Pharmacogene"" (pharmacogenomic VIP variants), not vasoactive intestinal peptide. Current strict rule requires ""vasoactive intestinal peptide""[tiab] co-occurrence so this does NOT currently match, but it is a regression guard: if the VIP rule is ever loosened to bare ""VIP""[tiab], this record must stay excluded. Verified live 2026-09-27.",approved,human_review,2026-09-27
vip,pmid,26722533,exclude,"Same pharmacogenomic-VIP acronym clash as above (different population cohort), same regression-guard rationale",approved,human_review,2026-09-27
ldn,pmid,39036106,include,"Recalcitrant Hailey-Hailey Disease treated with naltrexone (low-dose naltrexone context), title explicitly names naltrexone",approved,human_review,2026-09-27
ldn,pmid,35180395,exclude,"CONFIRMED ambiguity: ""LDN 193189"" is a distinct BMP-signaling-inhibitor small molecule (a Sigma-Aldrich/Cayman research compound), not an abbreviation for low-dose naltrexone. Current strict rule requires ""LDN""[tiab] AND naltrexone[tiab] co-occurrence, so this does NOT currently match; regression guard if the rule is ever loosened. Verified live 2026-09-27.",approved,human_review,2026-09-27
ldn,pmid,37210207,exclude,"CONFIRMED ambiguity: ""LDN, FAND"" is the credential ""Licensed Dietitian Nutritionist, Fellow of the Academy of Nutrition and Dietetics"" in an author byline, not low-dose naltrexone. Regression guard (see above). Verified live 2026-09-27.",approved,human_review,2026-09-27
